{
    "\"frequency\"": {
        "0": 5226916630.60633
    },
    "\"fitted_parameters\"": {
        "0": [
            -1.4356787434716716e-05,
            5.22691663060633,
            0.00838328515930621,
            0.0005840074647061632
        ]
    },
    "\"bare_frequency\"": {},
    "\"error_fit_pars\"": {
        "0": [
            0,
            0,
            0,
            0
        ]
    },
    "\"chi2_reduced\"": {
        "0": [
            NaN,
            0.08219949365267865
        ]
    },
    "\"amplitude\"": {
        "0": 0.03
    },
    "\"attenuation\"": {
        "0": 28
    }
}