{
    "\"frequency\"": {
        "0": 5225140972.491707
    },
    "\"fitted_parameters\"": {
        "0": [
            -0.0005056344981764797,
            5.225140972491707,
            0.010737152957922071,
            0.016292165836131352
        ]
    },
    "\"bare_frequency\"": {
        "0": 5225140972.491707
    },
    "\"error_fit_pars\"": {
        "0": [
            0,
            0,
            0,
            0
        ]
    },
    "\"chi2_reduced\"": {
        "0": [
            NaN,
            0.08219949365267865
        ]
    },
    "\"amplitude\"": {
        "0": 0.6
    },
    "\"attenuation\"": {
        "0": 28
    }
}