{
    "\"frequency\"": {
        "0": 5225238151.37323
    },
    "\"fitted_parameters\"": {
        "0": [
            -0.0004967870108623989,
            5.22523815137323,
            0.010643479824435875,
            0.01624575230750154
        ]
    },
    "\"bare_frequency\"": {
        "0": 5225238151.37323
    },
    "\"error_fit_pars\"": {
        "0": [
            0,
            0,
            0,
            0
        ]
    },
    "\"chi2_reduced\"": {
        "0": [
            NaN,
            0.08219949365267865
        ]
    },
    "\"amplitude\"": {
        "0": 0.6
    },
    "\"attenuation\"": {
        "0": 28
    }
}