{
    "\"frequency\"": {
        "0": [
            4105026962,
            8783.134988070546
        ]
    },
    "\"t2\"": {
        "0": [
            10895.493622079191,
            5805.382945614537
        ]
    },
    "\"delta_phys\"": {
        "0": [
            -96010,
            8783.134988070546
        ]
    },
    "\"delta_fitting\"": {
        "0": [
            -96010.50571355873,
            8783.134988070546
        ]
    },
    "\"fitted_parameters\"": {
        "0": [
            0.4707018242383031,
            0.013724159800390325,
            0.0006032517988343139,
            -1.514479802748288,
            9.178106423499237e-05
        ]
    },
    "\"chi2\"": {
        "0": [
            0.5886429178368262,
            0.22360679774997896
        ]
    }
}