{
    "\"amplitude\"": {
        "0": [
            0.3435025365253336,
            0.0051474756564739415
        ]
    },
    "\"length\"": {
        "0": [
            40,
            0
        ]
    },
    "\"fitted_parameters\"": {
        "0": [
            0.44528171762716257,
            0.4094797417142594,
            0.6908649853789521,
            3.15914495754306
        ]
    },
    "\"chi2\"": {
        "0": [
            1.6625855399633984,
            0.14907119849998599
        ]
    }
}