{
    "\"sweetspot\"": {
        "0": -0.034214405601588886
    },
    "\"frequency\"": {
        "0": 4099848712.18193
    },
    "\"fitted_parameters\"": {
        "0": {
            "\"w_max\"": 4.09984871218193,
            "\"xj\"": 0,
            "\"d\"": 0,
            "\"normalization\"": 0.5734986365519557,
            "\"offset\"": 0.01962191496294682,
            "\"crosstalk_element\"": 1,
            "\"charging_energy\"": -0.218941606
        }
    },
    "\"matrix_element\"": {
        "0": 0.5734986365519557
    }
}