{
    "\"frequency\"": {
        "0": 4099759278.1100864
    },
    "\"amplitude\"": {
        "0": 0.5
    },
    "\"fitted_parameters\"": {
        "0": [
            5.947702266395402e-06,
            4.099759278110087,
            0.002940091885850315,
            0.0015357634099672451
        ]
    },
    "\"chi2_reduced\"": {
        "0": [
            NaN,
            0.044721359549995794
        ]
    },
    "\"error_fit_pars\"": {
        "0": [
            0,
            0,
            0,
            0
        ]
    }
}